Tweets,Nelson,Karen,Romain
The law of NATURE? Where there is a need for a FEMALE and a MALE to procreate. That might be why...,1,1,1
This issa lie! Black women donâ€™t cheat.,0,1,1
Suck on this mf,1,1,1
The sooner you realise vagina runs the world the better!!,0,0,1
DAMN U DIDNT HAVE TO BE THAT AGGRESSIVE WHORE,1,1,1
"Stop having side chicks, this creates more problems for you...solve your issues at home",1,1,1
This is why women donâ€™t like #you,0,0,1
"Only a woman that is interested for material things and money says she agrees with her man doing anything he wants. If she loves you, she gonna slap you and broke your head till you make it right!",1,1,1
canâ€™t keep a lil hoe,0,1,1
Better body then most woman on here,1,1,1
One thing bout me we all gon laugh in this bitchğŸ¤£,0,0,1
I wish more ladies would be self obsessed! So hard to get people to see the worth in themselves!,0,0,1
Returning bitches to they last owner,1,1,1
You're a little bitch,1,1,1
How many bitches you gone have wearing the same number ?ğŸ˜‚,1,1,1
Lmaoooo bitches b moving different,1,0,1
Bitch you raggedy af phony ass hoe,1,1,1
These bitches always putting they 2 cents in on a tweet that they didnâ€™t have to lol,1,1,1
I canâ€™t believe this bitch just did this like a fucking kid ğŸ˜‚ğŸ˜‚ğŸ˜‚ğŸ˜‚ğŸ˜‚,1,1,1
"I ACTUALLY HATE YOU! YOU WOMEN ARE LAZY, SELF ABSORBED DISGUSTING PEOPLE. I NEVER CELEBRATE ANYTHING BUT I WILL CELEBRATE THE DAY YOU DIE",0,0,0
"@user
 HACKED BY MC CAVERINHA EZZZ LOL XDDD ğŸ§”ğŸ¿ğŸ§”ğŸ¿ğŸ§›ğŸ¿â€â™€ï¸ğŸ§›ğŸ¿â€â™€ï¸ğŸ§›ğŸ¿â€â™€ï¸ğŸ§›ğŸ¿â€â™€ï¸ğŸ§›ğŸ¿â€â™€ï¸ğŸ§œğŸ¿ğŸ§œğŸ¿ğŸ§œğŸ¿ğŸ§œğŸ¿â€â™‚ï¸ğŸ§œğŸ¿â€â™‚ï¸ğŸ§œğŸ¿â€â™‚ï¸ğŸ§œğŸ¿â€â™‚ï¸ğŸ¦¸ğŸ¿â€â™€ï¸ğŸ¦¸ğŸ¿â€â™€ï¸ğŸ¦¸ğŸ¿â€â™€ï¸",0,0,0
"Keep your right to vote I do not want it, I want the land and resources stolen from our ancestors.",1,0,0
"This is NOT an apology:

â€œIf I made [Prof Whitty] feel uncomfortable, which it does look like I did, then I am sorry to him for that.â€",0,0,0
my mom had cut my tie because she said it was too long..i cant even tie it anymore without it looking all weird,0,0,0
Heimlich Maneuver on Yourself When You're Alone and Choking | ProCPR http,0,0,0
"""Wow, what a great presentation Mr Akihiko. Thank you for that. Ladies and gentlemen please let's have another round of applause for our first speaker,"" Aquillon flashed a charming smile at the crowd and clapped along side them. 

""And those prizes sure were worth it,"" he laughs.",0,0,0
"Potential project 
@user @user @user 
$TECH #NFTCommunity #nftcollector #CryptoNews #ADA #gamer #BTC #BSC #giveaway",0,0,0
SO I THOUGHT YOU WERE TALKING ABOUT YOURSELF,0,0,0
happy birthday,0,0,0
"Like I get some scams are easy to fall for, but come on

Is someone thatâ€™s genuinely making that much money really going to be that desperate for your Â£10 a month? Obviously not",0,0,0
Iâ€™ve won Covid sceptic bingo just by reading this thread. What a load of utter bollocks,0,0,0
Bernard manning joke lol,0,0,0
"You are so sexy amazing body, blessed a true understatement ğŸ‘…ğŸ‘…ğŸ†ğŸ†ğŸ’¦ğŸ’¦",0,0,0
Just waiting for a male genshin character with glasses so I can kin themğŸ—¿ğŸ—¿ (baizhu ahem ahem...),1,0,0
i genuinely did not know his full name until i saw this ğŸ’€,0,0,0
"http: ASUS GeForce RTXâ„¢ 3070 ROG Strix Gaming OC 8GB ...
Stock changed from ""IN_WAREHOUSE"" to ""NONE""
919.99 @ 08:33:23
http
#ilox #RTXon #NVIDIAGeForce",0,0,0
Ion like the body part either I feel as if she likes her body thatâ€™s all that matters cause itâ€™s HER body and she should change her name jus not to no damn misha da dollğŸ˜­ğŸ˜­,0,0,0
"They deserve it, princes of EDM! ğŸ’–ğŸ‘‘ğŸ‘‘",0,0,0
its just patter john  â€˜wiselyâ€™ Iâ€™m not one to dig out Arsenal staff,0,0,0
i choose altar,0,0,0
Cool! My alma mater â¤ï¸,0,0,0
"That's an instant buy!

Love the ideas.",0,0,0
IM BACK ON STRAIGHT TIKTOK THIS IS THE WORST THING THATS EVER HAPPENED TO ME IN MY LIFE,1,0,0
i hate the dark .. i especially hate having to stare into it and everything is all patchy and unclear and then u start seeing things because ur sleep deprived and can't see properly because it's  dark ....,0,0,0
"ğŸ§¡ TREASURE IS BACK ğŸ§¡
#ShopeexTreasure 
#AdaTreasurediShopee 
#ShopeeTreasureTeume 

5950",0,0,0
Congrats to  #chrispaul #cp3 and the #pheonixsuns for making it to the #. ğŸ‰ http,0,0,0
NOT ME CRYING BECAUSE IM HAPPY HE ATE BEEF JERKY WTF ğŸ˜­,0,0,0
Your peaceful camp includes vandalism ?,0,0,0
Use negative then ğŸ˜ƒ,0,0,0
They made it a condition ğŸ¤£,0,0,0
Clarence Thomas too.,0,0,0
Very welcome! Ang lupet no? I love the scholarship coming out on this topic.,0,0,0
"Usually I do that thing on my phone that changes the blue light or whatever but Iâ€™ve turned it off

Fuck falling asleep, I HAVE TO WATCH KAICHOUS STREAM NO MATTER HOW TIRED I GET

FUCK TIME ZONES",0,0,0
naurrrr itâ€™s true,0,0,0
fb thanks,0,0,0
i &lt;3 you full to the moon and never back!!,0,0,0
"ST:
STM32G070RBT6
STM32F407VGT6
STM32F407ZGT6
LIS3MDLTR

TI:
TS3A27518ETRTWRQ1
TPS65910A3A1RSL
TPS54620RHLR
TPS3897ADRYR

NXP:
LPC2132FBD64/01
TJA1028T/5V0/20

Welcome your inquiry ï¼
E-mail:Martin.zhou@Asiaonee.com

#Asiaone #MCU #IC #ST #NXP #TI #REALTEK #INFINEON #MICROCHIP",0,0,0
"I've had an idea for a short play for a few years. The only reason, I convinced myself, I wasn't writing it was because I wasn't very good at dialogue-based character development and I was clueless about play formatting.

Now I'm having to write one for funsies at my job. Istg ğŸ˜‘",0,0,0
Inviting  ğŸ˜,0,0,0
Happy doctors day,0,0,0
Me getting free chipotle every time  if that one dude is at work,0,0,0
one person followed me // automatically checked by http,0,0,0
Appears GETTR is under attack - we can probably count the minutes until a full crash. Just read the ToS - humorous.,0,0,0
Youâ€™re gonna be waiting a LOOONG time,0,0,0
"LOL, you're excused Tequilla. x",0,0,0
Yâ€™all order from my Sister. She will have Saturday,0,0,0
oh. soo good but soo sad..that dog had better been given a treat after all that ... or there is no justice in this worldğŸ¶ğŸ•ğŸ˜ğŸ˜Š,0,0,0
"With a single brain cell between us, we can do anything!",0,0,0
Yk some tweets are okay to be left in your draftsâ¤,0,0,0
You are welcome,0,0,0
Gorgeous! ğŸ˜,0,0,0
Can't visit,0,0,0
july,0,0,0
You don't like it? ğŸ˜§,0,0,0
whereâ€™s all the drama itâ€™s so boring on here,0,0,0
"That looks so good! Wish they added the hair, I feel like itâ€™s part of her aesthetic. They were really taking notes from the bald wraith skins",0,0,0
It has surely been a day. Put forth the effort to get my workout in as I'm determined to improve my lifestyle. Use code in bio for discount @user ğŸ¤™ #LezGo #dedication #CrohnsWarrior #hwmf #redcon1tieroperators http,0,0,0
goodnight,0,0,0
Looking good,0,0,0
"I think.., Queenâ€™s are the one whose nervous! Hahahaha!",0,0,0
itâ€™s not really a â€œgenreâ€ but i like music that sound like stars!,0,0,0
Hello im fine thank youuuğŸ˜„,0,0,0
trimsğŸ˜,0,0,0
ğŸ‘ï¸ğŸ‘ï¸ u are writing smut i am interestes,0,0,0
BUY indusind cmp - 1015.15 sl - 1008,0,0,0
No doubt ğŸ’¯ğŸŒ¸,0,0,0
"the man gapes silently at gojo for a moment before shaking his head and turning back to his drink. ""please don't speak to me."" 

gojo takes that as an invitation to scoot his chair closer until their knees are nearly brushing. ""my name's gojo. gojo satoru. what's yours, cutie?""",0,0,0
"Completely misleading article for gullible westerners &amp; anti India forces, this lady posted a fake communal news and continuously doing so which could lead to unrest in country, is this definition of journalism? Itâ€™s india thatâ€™s why she is still writing",0,0,0
Unbridled optimism,0,0,0
Brittney Spears needs a Supreme Court to throw out the lower court s decision!!!!,0,0,0
Not triggered point is bullying is obviously wrong. But now there's going to be people or certain people jumping on this bandwagon  sucks the fun and the debate aspect outta Twitter imo so we all have to watch our Ps &amp; Qs just craic killer now. Again bullying is definitely wrong.,0,0,0
This,0,0,0
sighh,0,0,0
more for me then smh,0,0,0
stop yelling,0,0,0
Smell so good already #CathyDollXGulf,0,0,0
"... because you can simply assign sub-trees to other symbolic execution instances. To his experience, the sub-trees are in practice large enough to avoid thinking about balancing the workload between the parallel instances.",0,0,0
"When I saw it I wanted to cry, sis is like 6 years old",0,0,0
this literally doesnâ€™t fell real i swear,0,0,0
My voicer is a lazy ass.,0,0,0